{
  "name": "jquery-slimscroll",
  "version": "1.3.8",
  "description": "slimScroll is a small jQuery plugin that transforms any div into a scrollable area. slimScroll doesn't occupy any visual space as it only appears on a user initiated mouse-over.",
  "keywords": [
    "scrollbar",
    "scroll",
    "slimscroll",
    "scrollable",
    "scrolling",
    "scroller",
    "ui",
    "jquery-plugin",
    "ecosystem:jquery"
  ],
  "homepage": "http://rocha.la/jQuery-slimScroll/",
  "authors": [
    {
      "name": "Piotr Rochala",
      "homepage": "http://rocha.la/"
    }
  ],
  "repository": {
    "type": "git",
    "url": "https://github.com/rochal/jQuery-slimScroll.git"
  },
  "main": [
    "jquery.slimscroll.js",
    "jquery.slimscroll.min.js"
  ],
  "licenses": [
    {
      "type": "MIT",
      "url": "http://www.opensource.org/licenses/mit-license.php"
    },
    {
      "type": "GPL",
      "url": "http://www.opensource.org/licenses/gpl-license.php"
    }
  ],
  "moduleType": [],
  "ignore": [
    "**/.*",
    "node_modules",
    "bower_components",
    "test",
    "tests"
  ],
  "_release": "1.3.8",
  "_resolution": {
    "type": "version",
    "tag": "v1.3.8",
    "commit": "cf39d364e777ef95574c30c42d3b85cb2bf325d3"
  },
  "_source": "https://github.com/rochal/jQuery-slimScroll.git",
  "_target": "~1.3.8",
  "_originalSource": "jquery-slimscroll"
}