{
  "name": "layer",
  "main": "src/layer.js",
  "version": "3.1.5",
  "homepage": "https://github.com/sentsin/layer",
  "authors": [
    "sentsin <xu@sentsin.com>"
  ],
  "description": "弹窗组件",
  "moduleType": [
    "amd",
    "globals"
  ],
  "keywords": [
    "layer",
    "layui",
    "dialog"
  ],
  "license": "MIT",
  "_release": "3.1.5",
  "_resolution": {
    "type": "version",
    "tag": "v3.1.5",
    "commit": "fc87fd87be588b7a8dd6e587b56586dfda875b03"
  },
  "_source": "https://github.com/karsonzhang/fastadmin-layer.git",
  "_target": "~3.1.2",
  "_originalSource": "fastadmin-layer"
}