{
  "name": "eonasdan-bootstrap-datetimepicker",
  "version": "4.17.47",
  "main": [
    "build/css/bootstrap-datetimepicker.min.css",
    "build/js/bootstrap-datetimepicker.min.js"
  ],
  "dependencies": {
    "jquery": ">=1.8.3",
    "moment": ">=2.10.5"
  },
  "homepage": "https://github.com/Eonasdan/bootstrap-datetimepicker",
  "authors": [
    "Eonasdan"
  ],
  "description": "bootstrap3 datetimepicker",
  "keywords": [
    "twitter-bootstrap",
    "bootstrap",
    "datepicker",
    "datetimepicker",
    "timepicker",
    "moment"
  ],
  "license": "MIT",
  "private": false,
  "ignore": [
    "**/.*",
    "node_modules",
    "bower_components",
    "test",
    "tests"
  ],
  "_release": "4.17.47",
  "_resolution": {
    "type": "version",
    "tag": "4.17.47",
    "commit": "25c11d79e614bc6463a87c3dd9cbf8280422e006"
  },
  "_source": "https://github.com/Eonasdan/bootstrap-datetimepicker.git",
  "_target": "~4.17.43",
  "_originalSource": "eonasdan-bootstrap-datetimepicker"
}