{
  "name": "nice-validator",
  "description": "Simple, smart and pleasant verification solution.",
  "moduleType": [
    "amd",
    "node",
    "globals"
  ],
  "keywords": [
    "jquery",
    "validation",
    "form",
    "validator",
    "validate",
    "nice-validator",
    "jquery-plugin"
  ],
  "authors": [
    "Jony Zhang <niceue@live.com>"
  ],
  "license": "MIT",
  "homepage": "https://github.com/niceue/nice-validator",
  "repository": {
    "type": "git",
    "url": "https://github.com/niceue/nice-validator.git"
  },
  "main": "dist/jquery.validator.js",
  "dependencies": {
    "jquery": ">=1.7"
  },
  "ignore": [
    ".*",
    "src",
    "test",
    "gulpfile.js",
    "*.json",
    "*.md",
    "*.yml",
    "!README.md"
  ],
  "version": "1.1.5",
  "_release": "1.1.5",
  "_resolution": {
    "type": "version",
    "tag": "1.1.5",
    "commit": "76d0e5d7b098ce7cf0f4fd6bd8662cba8a366497"
  },
  "_source": "https://github.com/niceue/validator.git",
  "_target": "~1.1.1",
  "_originalSource": "nice-validator"
}