{
  "name": "Sortable",
  "main": [
    "Sortable.js"
  ],
  "homepage": "http://SortableJS.github.io/Sortable/",
  "authors": [
    "RubaXa <ibnRubaXa@gmail.com>",
    "owenm <owen23355@gmail.com>"
  ],
  "description": "JavaScript library for reorderable drag-and-drop lists on modern browsers and touch devices. No jQuery required. Supports Meteor, AngularJS, React, Polymer, Vue, Knockout and any CSS library, e.g. Bootstrap.",
  "keywords": [
    "sortable",
    "reorder",
    "list",
    "html5",
    "drag",
    "and",
    "drop",
    "dnd",
    "web-components"
  ],
  "license": "MIT",
  "ignore": [
    "node_modules",
    "bower_components",
    "test",
    "tests"
  ],
  "version": "1.10.2",
  "_release": "1.10.2",
  "_resolution": {
    "type": "version",
    "tag": "1.10.2",
    "commit": "2addddd67387b6e4b6b5e51806eb698f0a3eee88"
  },
  "_source": "https://github.com/RubaXa/Sortable.git",
  "_target": "~1.10.0",
  "_originalSource": "Sortable"
}